CREATE DATABASE IF NOT EXISTS escuela;
USE escuela;

CREATE TABLE IF NOT EXISTS usuario (
    usuario_id INT AUTO_INCREMENT PRIMARY KEY,
    usuario_nombre VARCHAR(50) NOT NULL UNIQUE,
    usuario_clave VARCHAR(255) NOT NULL 
);

INSERT INTO usuario (usuario_nombre, usuario_clave) VALUES
('admin', MD5('admin')),
('cliente', MD5('cliente')),
('recepcionista', MD5('recepcionista')),
('empleado', MD5('empleado'));

select* from usuario;

/*========================================================*/
CREATE TABLE EMPLEADOS (
	RFC_EMP VARCHAR (13) NOT NULL PRIMARY KEY,
	NOMB_EMP VARCHAR(20),
	AP_EMP VARCHAR (20) NOT NULL,
	AM_EMP VARCHAR (20) NOT NULL,
	PUESTO VARCHAR (20) NOT NULL,
	TURNO ENUM('MATUTINO','VESPERTINO') NOT NULL,
	DESCANSOS VARCHAR (30) NOT NULL,
	SEXO ENUM ('MASCULINO', 'FEMENINO') NOT NULL,
	FECHA_NAC DATE NOT NULL,
	TEL_PERSONAL BIGINT NOT NULL,
	CALLE VARCHAR (20) NOT NULL,
	NUMERO INT NOT NULL,
	COLONIA VARCHAR (30) NOT NULL,
	ALCALDIA VARCHAR (20) NOT NULL
);


CREATE TABLE CONTRATACION (
	TIPO_CONTRATACION VARCHAR (10) NOT NULL PRIMARY KEY,
	PRECIO INT NOT NULL,
	DESC_BENEFICIOS VARCHAR (50) NOT NULL
);

CREATE TABLE CLIENTES (
	RFC_CLIENTE VARCHAR (13) NOT NULL,
	TIPO_CONTRATACION VARCHAR (10) NOT NULL,
	FOREIGN KEY (TIPO_CONTRATACION) REFERENCES CONTRATACION (TIPO_CONTRATACION),
	NOMB_CLI VARCHAR (10) NOT NULL,
	AP_CLI VARCHAR (10) NOT NULL,
	AM_CLI VARCHAR (10) NOT NULL,
	FECHA_NAC DATE NOT NULL,
	CALLE VARCHAR (20) NOT NULL,
	NUMERO INT NOT NULL,
	COLONIA VARCHAR (30) NOT NULL,
	ALCALDIA VARCHAR (20) NOT NULL,
	PERMISO ENUM ('SI', 'NO', 'EN TR츼MITE'),
	OBSERVACIONES VARCHAR (30),
    FECHA_PAGO DATE NOT NULL,
	TOTAL_PAGO INT NOT NULL,
    FORMA_PAGO ENUM ('DEBITO', 'CR칄DITO', 'EFECTIVO', 'TRANSFERENCIA'),
    REEMBOLSO BOOLEAN DEFAULT FALSE,
	CORREO VARCHAR (50) NOT NULL,
	PRIMARY KEY (RFC_CLIENTE, FECHA_PAGO)
);

CREATE TABLE AGENDA (
    RFC_EMP VARCHAR(13) NOT NULL,
    FECHA DATE NOT NULL,
    HORA TIME NOT NULL,
    RFC_CLIENTE VARCHAR(13) NOT NULL,
    FECHA_PAGO DATE NOT NULL,  -- 游댳 Obligatorio para poder hacer la FK
    ACTIVIDAD ENUM('EXAMEN', 'LECCI칍N'),
    KM_RECORRIDOS INT,
    NOTAS VARCHAR(50),
    EXAM_TEO INT,
    EXAM_PRAC INT,
    NOTAS_RESULTADO VARCHAR(50),
    PRIMARY KEY (FECHA, HORA, RFC_EMP),
    FOREIGN KEY (RFC_EMP) REFERENCES EMPLEADOS(RFC_EMP),
    FOREIGN KEY (RFC_CLIENTE, FECHA_PAGO) REFERENCES CLIENTES(RFC_CLIENTE, FECHA_PAGO)
);

-- Se coloca como comentario la tabla de Autos y los registros, por si se decide en un futuro su ejecuci칩n en la BD
/* 
CREATE TABLE AUTOS_ASIGNADOS (
    MATRICULA VARCHAR(10) NOT NULL PRIMARY KEY,
    RFC_EMP VARCHAR(13) NOT NULL, 
    MODELO VARCHAR(20) NOT NULL,
    ANIO YEAR, 
    COLOR VARCHAR(20),
    FECHA_ULT_INSP DATE,
    ESTATUS ENUM('DISPONIBLE', 'NO DISPONIBLE', 'BAJA') NOT NULL,
    FOREIGN KEY (RFC_EMP) REFERENCES EMPLEADOS(RFC_EMP)
); 
INSERT INTO AUTOS_ASIGNADOS (MATRICULA, RFC_EMP, MODELO, ANIO, COLOR, FECHA_ULT_INSP, ESTATUS)
('ABC1234', 'MOSE030526A50', 'Nissan Versa', 2022, 'Rojo', '2025-05-01', 'DISPONIBLE'),
('JKL3456', 'VELM870610HDF', 'Toyota Yaris', 2023, 'Gris', '2025-06-01', 'DISPONIBLE'),
('EELL3001', NULL, 'Kia Forte', 2022, 'Blanco', '2025-05-01', 'BAJA'),
('MNO7890', 'REYG940420HDF', 'Volkswagen Vento', 2020, 'Negro', '2025-03-15', 'DISPONIBLE'),
('ZZZ1001', 'VELM870610HDF', 'Toyota Corolla', 2020, 'Negro', '2024-12-15', 'BAJA'),
('YYY2001', 'SALM860927MDF', 'Hyundai Grand i10', 2021, 'Rojo', '2025-01-12', 'NO DISPONIBLE'),
('YYY2002', 'SALM860927MDF', 'Hyundai Accent', 2022, 'Azul', '2025-06-01', 'DISPONIBLE'),
('NNLL3002', NULL, 'Mazda 2', 2021, 'Rojo', '2025-03-20', 'NO DISPONIBLE'),
VALUES('XYZ5678', 'GARC900101HDF', 'Chevrolet Aveo', 2021, 'Blanco', '2025-04-20', 'DISPONIBLE'); 
*/


INSERT INTO CONTRATACION (TIPO_CONTRATACION, PRECIO, DESC_BENEFICIOS)
VALUES 
('B츼SICO', 2000, '7 D칈AS, 3HRS X D칈A'),
('INTERMEDIO', 3500, '12 D칈AS, 3.5HRS X D칈A'),
('PREMIUM', 5000, '18 D칈AS, 4HRS X D칈A');


INSERT INTO EMPLEADOS 
(RFC_EMP, NOMB_EMP, AP_EMP, AM_EMP, PUESTO, TURNO, DESCANSOS, SEXO, FECHA_NAC, TEL_PERSONAL, CALLE, NUMERO, COLONIA, ALCALDIA)
VALUES
('GARC900101HDF', 'ANA', 'GARC칈A', 'LOPEZ', 'INSTRUCTORA', 'MATUTINO', 'LUNES,MARTES', 'FEMENINO', '1990-01-01', 5541234567, 'MIGUEL HIDALGO', 12, 'DEL VALLE', 'BENITO JU츼REZ'),
('LOPE920304MDF', 'LUIS', 'LOPEZ', 'MORALES', 'ADMINISTRADOR', 'MATUTINO', 'S츼BADO,DOMINGO', 'MASCULINO', '1992-03-04', 5512345678, 'INSURGENTES SUR', 245, 'N츼POLES', 'BENITO JU츼REZ'),
('FERJ850715HDF', 'JUAN', 'FERNANDEZ', 'RODRIGUEZ', 'RECEPCIONISTA', 'MATUTINO', 'S츼BADO,LUNES', 'MASCULINO', '1985-07-15', 5556677889, 'CENTENARIO', 33, 'ROMA NORTE', 'CUAUHT칄MOC');

-- El formato para agregar una fecha es: AAAA-MM-DD

INSERT INTO EMPLEADOS 
(RFC_EMP, NOMB_EMP, AP_EMP, AM_EMP, PUESTO, TURNO, DESCANSOS, SEXO, FECHA_NAC, TEL_PERSONAL, CALLE, NUMERO, COLONIA, ALCALDIA)
VALUES
('VELM870610HDF', 'MARIO', 'VELAZQUEZ', 'MARTINEZ', 'INSTRUCTOR', 'MATUTINO', 'MI칄RCOLES,VIERNES', 'MASCULINO', '1987-06-10', 5578912345, 'TACUBA', 77, 'SAN RAFAEL', 'CUAUHT칄MOC'),
('REYG940420HDF', 'GABRIEL', 'REYES', 'GUTI칄RREZ', 'INSTRUCTOR', 'MATUTINO', 'S츼BADO,DOMINGO', 'MASCULINO', '1994-04-20', 5522233344, 'FRAY SERVANDO', 88, 'OBRERA', 'CUAUHT칄MOC'),
('SALM860927MDF', 'MONICA', 'SALAZAR', 'MORA', 'INSTRUCTORA', 'VESPERTINO', 'VIERNES,S츼BADO', 'FEMENINO', '1986-09-27', 5533344455, 'EJE CENTRAL', 333, 'CENTRO', 'CUAUHT칄MOC'),
('LOZR970708HDF', 'RAFAEL', 'LOZANO', 'RIVERA', 'INSTRUCTOR', 'VESPERTINO', 'MARTES,JUEVES', 'MASCULINO', '1997-07-08', 5544455566, 'PATRIOTISMO', 11, 'ESPARTACO', 'COYOAC츼N'),
('MOSE030526A50', 'ERICK', 'MONROY', 'SANTANA', 'SUPERVISOR', 'MATUTINO', 'S츼BADO,DOMINGO', 'MASCULINO', '2003-05-26', 5540608099, 'LAS FLORES', 9, 'PASCUAL', 'IZTACALCO'),
('RAMC880908MDF', 'CLAUDIA', 'RAMIREZ', 'CASTILLO', 'RECEPCIONISTA', 'VESPERTINO', 'MARTES,DOMINGO', 'FEMENINO', '1988-09-08', 5567891234, 'DIVISI칍N DEL NORTE', 140, 'PORTALES', 'BENITO JU츼REZ'),
('ORTA930505MDF', 'TERESA', 'ORTEGA', 'AGUILAR', 'LIMPIEZA', 'VESPERTINO', 'S츼BADO, MI칄RCOLES', 'FEMENINO', '1993-05-05', 5589123456, 'ZARAGOZA', 180, 'MOCTEZUMA', 'VENUSTIANO CARRANZA'),
('CRUZ930409HDF', 'DAVID', 'CRUZ', 'MART칈NEZ', 'LIMPIEZA', 'MATUTINO', 'LUNES,DOMINGO', 'MASCULINO', '1993-04-09', 5534567890, 'AV. OCEAN칈A', 72, 'MOCTEZUMA', 'VENUSTIANO CARRANZA');



INSERT INTO CLIENTES (RFC_CLIENTE, TIPO_CONTRATACION, NOMB_CLI, AM_CLI, AP_CLI, FECHA_NAC, CALLE, NUMERO, COLONIA, ALCALDIA, PERMISO, OBSERVACIONES, FECHA_PAGO, TOTAL_PAGO, FORMA_PAGO, REEMBOLSO, CORREO) 
VALUES
('JUAP910101HDF', 'B츼SICO', 'JUAN', 'P칄REZ', 'ALVAREZ', '1991-01-01', 'REFORMA', 100, 'CENTRO', 'CUAUHT칄MOC', 'SI', 'ANSIEDAD GENERALIZADA', '2025-06-01', 2000, 'EFECTIVO', FALSE, 'jperez@hotmail.com'),
('MARG920202MDF', 'PREMIUM', 'MAR칈A', 'G칍MEZ', 'RAM칈REZ', '1992-02-02', 'INSURGENTES', 200, 'DEL VALLE', 'BENITO JU츼REZ', 'SI', 'LESI칍N EN BRAZO DERECHO', '2025-06-05', 5000, 'TRANSFERENCIA', FALSE, 'mgomez@gmail.com'),
('LUIC930303HDF', 'INTERMEDIO', 'LUIS', 'CANO', 'SANTOS', '1993-03-03', 'MIGUEL HIDALGO', 35, 'POLANCO', 'MIGUEL HIDALGO', 'EN TR츼MITE', 'LESI칍N DE RODILLA IZQUIERDA', '2025-06-10', 3500, 'D칄BITO', TRUE, 'lcano@outlook.com'),
('SAND940404MDF', 'PREMIUM', 'SANDRA', 'MART칈NEZ', 'LARA', '1994-04-04', 'DIVISI칍N DEL NORTE', 80, 'PORTALES', 'BENITO JU츼REZ', 'NO', 'DIABETES', '2025-06-12', 5000, 'EFECTIVO', FALSE, 'smartinez@yahoo.com'),
('CARF950505HDF', 'B츼SICO', 'CARLOS', 'FLORES', 'MEJ칈A', '1995-05-05', 'ZARAGOZA', 150, 'MOCTEZUMA', 'VENUSTIANO CARRANZA', 'SI', 'ANSIEDAD', '2025-06-15', 2000, 'TRANSFERENCIA', FALSE, 'cflores@hotmail.com'),
('ANEL960606MDF', 'INTERMEDIO', 'ANA', 'LE칍N', 'SILVA', '1996-06-06', 'AV. UNIVERSIDAD', 77, 'COPILCO', 'COYOAC츼N', 'SI', 'V칄RTIGO LEVE', '2025-06-18', 3500, 'CR칄DITO', TRUE, 'aleon@gmail.com'),
('JORR970707HDF', 'PREMIUM', 'JORGE', 'ROJAS', 'REYES', '1997-07-07', 'PATRIOTISMO', 99, 'N츼POLES', 'BENITO JU츼REZ', 'SI', 'HIPERTENSI칍N CONTROLADA', '2025-06-20', 5000, 'TRANSFERENCIA', FALSE, 'jrojas@outlook.com'),
('LUIM980808MDF', 'B츼SICO', 'LUISA', 'MENDOZA', 'TORRES', '1998-08-08', 'TLALPAN', 55, 'LA JOYA', 'TLALPAN', 'EN TR츼MITE', 'VISTA REDUCIDA (USA LENTES)', '2025-06-22', 2000, 'EFECTIVO', TRUE, 'lmendoza@gmail.com'),
('RAFM990909HDF', 'INTERMEDIO', 'RAFAEL', 'MORA', 'CASTRO', '1999-09-09', 'EJE CENTRAL', 120, 'OBRERA', 'CUAUHT칄MOC', 'SI', NULL, '2025-06-25', 3500, 'CR칄DITO', FALSE, 'rmora@hotmail.com'),
('VERC000101MDF', 'PREMIUM', 'VER칍NICA', 'CARRILLO', 'NAVARRO', '2000-01-01', 'CENTENARIO', 67, 'SAN RAFAEL', 'CUAUHT칄MOC', 'SI', 'EPILEPSIA LEVE (CONTROLADA)', '2025-06-28', 5000, 'TRANSFERENCIA', FALSE, 'vcarrillo@yahoo.com'),
('OSCJ010202HDF', 'B츼SICO', 'OSCAR', 'JU츼REZ', 'VALD칄S', '2001-02-02', 'CUITLAHUAC', 45, 'TACUBA', 'MIGUEL HIDALGO', 'NO', 'DIABETES', '2025-06-30', 2000, 'EFECTIVO', FALSE, 'ojuarez@outlook.com'),
('MARL020303MDF', 'INTERMEDIO', 'MARTHA', 'LOZANO', 'RIVERA', '2002-03-03', 'RIO CHURUBUSCO', 90, 'AGR칈COLA', 'IZTACALCO', 'SI', NULL, '2025-07-01', 3500, 'D칄BITO', TRUE, 'mlozano@gmail.com'),
('PEDA030404HDF', 'PREMIUM', 'PEDRO', 'ALVAREZ', 'GONZ츼LEZ', '2003-04-04', 'AV. COYOAC츼N', 88, 'XOLA', 'BENITO JU츼REZ', 'SI', NULL, '2025-07-03', 5000, 'TRANSFERENCIA', FALSE, 'palvarez@hotmail.com'),
('DEYR040505MDF', 'B츼SICO', 'D칄BORA', 'Y츼칌EZ', 'RUIZ', '2004-05-05', 'FRAY SERVANDO', 100, 'OBRERA', 'CUAUHT칄MOC', 'SI', 'ESGUINCE RECIENTE EN TOBILLO', '2025-07-05', 2000, 'EFECTIVO', TRUE, 'dyanez@gmail.com'),
('FELN050606HDF', 'INTERMEDIO', 'FELIPE', 'NAVARRO', 'D칈AZ', '2005-06-06', 'TAXQUE칌A', 132, 'SAN FRANCISCO', 'COYOAC츼N', 'EN TR츼MITE', NULL, '2025-07-07', 3500, 'CR칄DITO', FALSE, 'fnavarro@yahoo.com'),
-- Agosto 2025
('JUAP910101HDF', 'B츼SICO', 'JUAN', 'P칄REZ', 'ALVAREZ', '1991-01-01', 'REFORMA', 100, 'CENTRO', 'CUAUHT칄MOC', 'SI', 'ANSIEDAD GENERALIZADA', '2025-08-05', 2000, 'EFECTIVO', FALSE, 'jperez@hotmail.com'),
('MARG920202MDF', 'PREMIUM', 'MAR칈A', 'G칍MEZ', 'RAM칈REZ', '1992-02-02', 'INSURGENTES', 200, 'DEL VALLE', 'BENITO JU츼REZ', 'SI', 'LESI칍N EN BRAZO DERECHO', '2025-08-10', 5000, 'TRANSFERENCIA', FALSE, 'mgomez@gmail.com'),
('LUIC930303HDF', 'INTERMEDIO', 'LUIS', 'CANO', 'SANTOS', '1993-03-03', 'MIGUEL HIDALGO', 35, 'POLANCO', 'MIGUEL HIDALGO', 'EN TR츼MITE', 'LESI칍N DE RODILLA IZQUIERDA', '2025-08-15', 3500, 'D칄BITO', TRUE, 'lcano@outlook.com'),
('CARF950505HDF', 'B츼SICO', 'CARLOS', 'FLORES', 'MEJ칈A', '1995-05-05', 'ZARAGOZA', 150, 'MOCTEZUMA', 'VENUSTIANO CARRANZA', 'SI', 'ANSIEDAD', '2025-08-20', 2000, 'TRANSFERENCIA', FALSE, 'cflores@hotmail.com'),
('ANEL960606MDF', 'INTERMEDIO', 'ANA', 'LE칍N', 'SILVA', '1996-06-06', 'AV. UNIVERSIDAD', 77, 'COPILCO', 'COYOAC츼N', 'SI', 'V칄RTIGO LEVE', '2025-08-25', 3500, 'CR칄DITO', TRUE, 'aleon@gmail.com'),
-- Septiembre 2025
('JORR970707HDF', 'PREMIUM', 'JORGE', 'ROJAS', 'REYES', '1997-07-07', 'PATRIOTISMO', 99, 'N츼POLES', 'BENITO JU츼REZ', 'SI', 'HIPERTENSI칍N CONTROLADA', '2025-09-03', 5000, 'TRANSFERENCIA', FALSE, 'jrojas@outlook.com'),
('LUIM980808MDF', 'B츼SICO', 'LUISA', 'MENDOZA', 'TORRES', '1998-08-08', 'TLALPAN', 55, 'LA JOYA', 'TLALPAN', 'EN TR츼MITE', 'VISTA REDUCIDA (USA LENTES)', '2025-09-08', 2000, 'EFECTIVO', TRUE, 'lmendoza@gmail.com'),
('RAFM990909HDF', 'INTERMEDIO', 'RAFAEL', 'MORA', 'CASTRO', '1999-09-09', 'EJE CENTRAL', 120, 'OBRERA', 'CUAUHT칄MOC', 'SI', NULL, '2025-09-12', 3500, 'CR칄DITO', FALSE, 'rmora@hotmail.com'),
('VERC000101MDF', 'PREMIUM', 'VER칍NICA', 'CARRILLO', 'NAVARRO', '2000-01-01', 'CENTENARIO', 67, 'SAN RAFAEL', 'CUAUHT칄MOC', 'SI', 'EPILEPSIA LEVE (CONTROLADA)', '2025-09-18', 5000, 'TRANSFERENCIA', FALSE, 'vcarrillo@yahoo.com'),
('OSCJ010202HDF', 'B츼SICO', 'OSCAR', 'JU츼REZ', 'VALD칄S', '2001-02-02', 'CUITLAHUAC', 45, 'TACUBA', 'MIGUEL HIDALGO', 'NO', 'DIABETES', '2025-09-25', 2000, 'EFECTIVO', FALSE, 'ojuarez@outlook.com');


-- Los RFC de empleados corresponden a los que tienen el puesto de instructor en la tabla de empleados

INSERT INTO AGENDA 
(RFC_EMP, FECHA, HORA, RFC_CLIENTE, FECHA_PAGO, ACTIVIDAD, KM_RECORRIDOS, NOTAS, EXAM_TEO, EXAM_PRAC, NOTAS_RESULTADO) 
VALUES
('VELM870610HDF', '2025-06-10', '08:00:00', 'JUAP910101HDF', '2025-06-01', 'LECCI칍N', 10, 'Buen avance', NULL, NULL, NULL),
('VELM870610HDF', '2025-06-11', '08:00:00', 'MARG920202MDF', '2025-06-05', 'EXAMEN', 15, NULL, 85, 90, 'Aprobado'),
('REYG940420HDF', '2025-06-12', '09:00:00', 'LUIC930303HDF', '2025-06-10', 'LECCI칍N', 12, 'Trabajar curvas', NULL, NULL, NULL),
('SALM860927MDF', '2025-06-12', '15:00:00', 'SAND940404MDF', '2025-06-12', 'EXAMEN', 8, 'Dolor en brazo', 90, 75, 'Aprobado'),
('LOZR970708HDF', '2025-06-11', '11:00:00', 'DEYR040505MDF', '2025-07-05', 'LECCI칍N', 5, 'Ataque de ansiedad', NULL, NULL, NULL),
('SALM860927MDF', '2025-06-11', '11:00:00', 'JUAP910101HDF', '2025-06-01', 'LECCI칍N', 5, 'Ataque de ansiedad', NULL, NULL, NULL),
('REYG940420HDF', '2025-06-11', '11:00:00', 'JUAP910101HDF', '2025-08-05', 'LECCI칍N', 5, 'Ataque de ansiedad', NULL, NULL, NULL),
('LOZR970708HDF', '2025-06-13', '16:00:00', 'CARF950505HDF', '2025-06-15', 'LECCI칍N', 20, 'Buen ritmo', NULL, NULL, NULL),
('SALM860927MDF', '2025-06-13', '16:00:00', 'RAFM990909HDF', '2025-09-12', 'LECCI칍N', 20, 'Buen ritmo', NULL, NULL, NULL),
('VELM870610HDF', '2025-06-11', '11:00:00', 'OSCJ010202HDF', '2025-09-25', 'LECCI칍N', 5, 'Buen avance', NULL, NULL, NULL);

INSERT INTO AGENDA 
(RFC_EMP, FECHA, HORA, RFC_CLIENTE, FECHA_PAGO, ACTIVIDAD, KM_RECORRIDOS, NOTAS, EXAM_TEO, EXAM_PRAC, NOTAS_RESULTADO) 
VALUES
-- Semana 1
('VELM870610HDF', '2025-09-02', '08:00:00', 'JUAP910101HDF', '2025-08-05', 'LECCI칍N', 12, 'Avance en estacionado', NULL, NULL, NULL),
('REYG940420HDF', '2025-09-03', '09:00:00', 'MARG920202MDF', '2025-08-10', 'LECCI칍N', 14, 'Practicar arranques en pendiente', NULL, NULL, NULL),
('SALM860927MDF', '2025-09-04', '10:00:00', 'LUIC930303HDF', '2025-08-15', 'EXAMEN', 18, 'Manej칩 con nerviosismo', 75, 82, 'Aprobado'),
('LOZR970708HDF', '2025-09-05', '11:00:00', 'CARF950505HDF', '2025-08-20', 'LECCI칍N', 9, 'Mejor칩 en giros cerrados', NULL, NULL, NULL),

-- Semana 2
('VELM870610HDF', '2025-09-09', '08:00:00', 'ANEL960606MDF', '2025-08-25', 'LECCI칍N', 15, 'Confianza al incorporarse a avenidas', NULL, NULL, NULL),
('REYG940420HDF', '2025-09-10', '09:00:00', 'JORR970707HDF', '2025-09-03', 'LECCI칍N', 20, 'Buen control en avenidas r치pidas', NULL, NULL, NULL),
('SALM860927MDF', '2025-09-11', '15:00:00', 'LUIM980808MDF', '2025-09-08', 'LECCI칍N', 11, 'Dificultad con retroceso', NULL, NULL, NULL),
('LOZR970708HDF', '2025-09-12', '16:00:00', 'RAFM990909HDF', '2025-09-12', 'EXAMEN', 22, 'Buen desempe침o general', 85, 90, 'Aprobado'),

-- Semana 3
('VELM870610HDF', '2025-09-16', '08:00:00', 'VERC000101MDF', '2025-09-18', 'LECCI칍N', 10, 'Atenta en cruceros, falta pr치ctica', NULL, NULL, NULL),
('REYG940420HDF', '2025-09-17', '09:00:00', 'OSCJ010202HDF', '2025-09-25', 'LECCI칍N', 7, 'Buen avance, controlar frenados', NULL, NULL, NULL),
('SALM860927MDF', '2025-09-18', '15:00:00', 'JUAP910101HDF', '2025-08-05', 'EXAMEN', 19, 'M치s seguro en avenidas', 90, 92, 'Aprobado'),
('LOZR970708HDF', '2025-09-19', '11:00:00', 'MARG920202MDF', '2025-08-10', 'LECCI칍N', 8, 'Necesita m치s pr치ctica de estacionado', NULL, NULL, NULL),

-- Semana 4
('VELM870610HDF', '2025-09-23', '08:00:00', 'LUIC930303HDF', '2025-08-15', 'LECCI칍N', 17, 'Mejor manejo de cloche', NULL, NULL, NULL),
('REYG940420HDF', '2025-09-24', '09:00:00', 'CARF950505HDF', '2025-08-20', 'EXAMEN', 15, 'Buen control general', 88, 85, 'Aprobado'),
('SALM860927MDF', '2025-09-25', '15:00:00', 'ANEL960606MDF', '2025-08-25', 'LECCI칍N', 13, 'Le cuesta trabajo manejar bajo lluvia', NULL, NULL, NULL),
('LOZR970708HDF', '2025-09-26', '16:00:00', 'JORR970707HDF', '2025-09-03', 'LECCI칍N', 18, 'Muestra confianza en carretera', NULL, NULL, NULL);



SELECT * FROM CLIENTES;
SELECT * FROM usuario;
SELECT * FROM EMPLEADOS;
SELECT * FROM AGENDA;
SELECT * FROM CONTRATACION;
